image,quality,size_bytes,compression_ratio
Lenna_color,0,518853,24.251
Lenna_color,5,531969,23.653
Lenna_color,10,557534,22.569
Lenna_color,15,581387,21.643
Lenna_color,20,604471,20.816
Lenna_color,25,627482,20.053
Lenna_color,30,649051,19.387
Lenna_color,35,670186,18.775
Lenna_color,40,688197,18.284
Lenna_color,45,709103,17.745
Lenna_color,50,727182,17.304
Lenna_color,55,745874,16.87
Lenna_color,60,768986,16.363
Lenna_color,65,797880,15.77
Lenna_color,70,832007,15.124
Lenna_color,75,870367,14.457
Lenna_color,80,933599,13.478
Lenna_color,85,1020834,12.326
Lenna_color,90,1178088,10.681
Lenna_color,95,1547094,8.133
Lenna_color,100,3051994,4.123
Lenna_grayscale,0,517889,24.297
Lenna_grayscale,5,530706,23.71
Lenna_grayscale,10,554576,22.689
Lenna_grayscale,15,576362,21.832
Lenna_grayscale,20,597059,21.075
Lenna_grayscale,25,617639,20.373
Lenna_grayscale,30,636294,19.775
Lenna_grayscale,35,654980,19.211
Lenna_grayscale,40,670945,18.754
Lenna_grayscale,45,689473,18.25
Lenna_grayscale,50,704480,17.861
Lenna_grayscale,55,720648,17.461
Lenna_grayscale,60,740638,16.989
Lenna_grayscale,65,765949,16.428
Lenna_grayscale,70,794208,15.843
Lenna_grayscale,75,825439,15.244
Lenna_grayscale,80,876285,14.359
Lenna_grayscale,85,945860,13.303
Lenna_grayscale,90,1073287,11.724
Lenna_grayscale,95,1368477,9.195
Lenna_grayscale,100,2241482,5.614
Lenna_bw,0,561977,22.39
Lenna_bw,5,583496,21.565
Lenna_bw,10,621975,20.231
Lenna_bw,15,653882,19.243
Lenna_bw,20,685029,18.368
Lenna_bw,25,714459,17.612
Lenna_bw,30,742072,16.956
Lenna_bw,35,767149,16.402
Lenna_bw,40,788123,15.966
Lenna_bw,45,812452,15.488
Lenna_bw,50,831227,15.138
Lenna_bw,55,853253,14.747
Lenna_bw,60,876109,14.362
Lenna_bw,65,902245,13.946
Lenna_bw,70,934054,13.471
Lenna_bw,75,969641,12.977
Lenna_bw,80,1020219,12.334
Lenna_bw,85,1086104,11.585
Lenna_bw,90,1196902,10.513
Lenna_bw,95,1418853,8.868
Lenna_bw,100,1949986,6.453
Lenna_bw_dithering,0,942352,13.353
Lenna_bw_dithering,5,992833,12.674
Lenna_bw_dithering,10,1158185,10.864
Lenna_bw_dithering,15,1318228,9.545
Lenna_bw_dithering,20,1462289,8.605
Lenna_bw_dithering,25,1607360,7.828
Lenna_bw_dithering,30,1731107,7.269
Lenna_bw_dithering,35,1833761,6.862
Lenna_bw_dithering,40,1919782,6.554
Lenna_bw_dithering,45,2012555,6.252
Lenna_bw_dithering,50,2087280,6.028
Lenna_bw_dithering,55,2164629,5.813
Lenna_bw_dithering,60,2258206,5.572
Lenna_bw_dithering,65,2367616,5.315
Lenna_bw_dithering,70,2501656,5.03
Lenna_bw_dithering,75,2661972,4.727
Lenna_bw_dithering,80,2891350,4.352
Lenna_bw_dithering,85,3198041,3.935
Lenna_bw_dithering,90,3708464,3.393
Lenna_bw_dithering,95,4711199,2.671
Lenna_bw_dithering,100,7460942,1.687
second_color,0,509932,24.676
second_color,5,511701,24.59
second_color,10,516947,24.341
second_color,15,521969,24.107
second_color,20,526669,23.891
second_color,25,531446,23.677
second_color,30,536154,23.469
second_color,35,541676,23.23
second_color,40,544959,23.09
second_color,45,549056,22.917
second_color,50,554487,22.693
second_color,55,562405,22.373
second_color,60,572811,21.967
second_color,65,580918,21.66
second_color,70,588988,21.364
second_color,75,599398,20.993
second_color,80,611152,20.589
second_color,85,629478,19.989
second_color,90,671980,18.725
second_color,95,749982,16.778
second_color,100,953901,13.191
second_grayscale,0,509320,24.705
second_grayscale,5,511066,24.621
second_grayscale,10,515345,24.416
second_grayscale,15,520046,24.196
second_grayscale,20,524341,23.998
second_grayscale,25,528377,23.814
second_grayscale,30,532409,23.634
second_grayscale,35,538558,23.364
second_grayscale,40,540570,23.277
second_grayscale,45,542783,23.182
second_grayscale,50,545063,23.085
second_grayscale,55,550682,22.85
second_grayscale,60,564242,22.301
second_grayscale,65,575449,21.866
second_grayscale,70,580010,21.694
second_grayscale,75,586465,21.456
second_grayscale,80,592509,21.237
second_grayscale,85,600560,20.952
second_grayscale,90,635821,19.79
second_grayscale,95,691120,18.207
second_grayscale,100,788042,15.967
second_bw,0,517824,24.3
second_bw,5,522074,24.102
second_bw,10,528883,23.791
second_bw,15,533974,23.565
second_bw,20,539352,23.33
second_bw,25,543912,23.134
second_bw,30,547951,22.964
second_bw,35,552459,22.776
second_bw,40,554978,22.673
second_bw,45,559838,22.476
second_bw,50,562577,22.367
second_bw,55,564748,22.281
second_bw,60,569685,22.087
second_bw,65,575841,21.851
second_bw,70,579914,21.698
second_bw,75,584641,21.522
second_bw,80,593709,21.194
second_bw,85,605127,20.794
second_bw,90,622829,20.203
second_bw,95,658511,19.108
second_bw,100,734460,17.132
second_bw_dithering,0,896607,14.034
second_bw_dithering,5,946311,13.297
second_bw_dithering,10,1111594,11.32
second_bw_dithering,15,1264109,9.954
second_bw_dithering,20,1405055,8.955
second_bw_dithering,25,1548859,8.124
second_bw_dithering,30,1668928,7.54
second_bw_dithering,35,1788044,7.037
second_bw_dithering,40,1862228,6.757
second_bw_dithering,45,1965299,6.403
second_bw_dithering,50,2039892,6.168
second_bw_dithering,55,2111178,5.96
second_bw_dithering,60,2203731,5.71
second_bw_dithering,65,2316339,5.432
second_bw_dithering,70,2446385,5.143
second_bw_dithering,75,2603727,4.833
second_bw_dithering,80,2816028,4.468
second_bw_dithering,85,3104830,4.053
second_bw_dithering,90,3623933,3.472
second_bw_dithering,95,4618306,2.725
second_bw_dithering,100,7164471,1.756
